FirstName,LastName,Email,Phone,Address1,Address2,PinCode,Password,City,State
Alina,Harris,a.harris@randatmail.com,831-3391-12,0lh0c3mylf,ifyxgdhoul,11089,Harris,Bangalore,Karnataka
Vincent,Nelson,v.nelson@randatmail.com,794-7517-63,s9mxoo8wv6,gjjopdgktx,151221,Nelson,Bangalore,Karnataka
Carlos,Harris,c.harris@randatmail.com,606-2574-69,cv0j2lnbve,jsfvhjhjnk,874726,Harris,Bangalore,Karnataka
Adison,Elliott,a.elliott@randatmail.com,633-1446-88,701y0f10j8,wizkhajnyz,921685,Elliott,Bangalore,Karnataka
Myra,Payne,m.payne@randatmail.com,613-6602-28,0tlmgz4qm3,wdedienmsf,691996,Payne,Bangalore,Karnataka
Hailey,Lloyd,h.lloyd@randatmail.com,812-1487-30,zn3d83zajw,zigczwfgnc,346103,Lloyd,Bangalore,Karnataka
Alen,Nelson,a.nelson@randatmail.com,969-3685-60,nbme4okizk,uugqfcumit,255784,Nelson,Bangalore,Karnataka
Emma,Wells,e.wells@randatmail.com,025-4284-61,zr52uw15od,drrbxgbsfy,31109,Wells,Bangalore,Karnataka
Jasmine,Adams,j.adams@randatmail.com,292-6788-46,c6862zlvmu,btlxfkyswf,208045,Adams,Bangalore,Karnataka
Cadie,Ross,c.ross@randatmail.com,650-7717-14,aabug6cqnq,whheapuyaa,818133,Ross,Bangalore,Karnataka
Arthur,Warren,a.warren@randatmail.com,010-6223-07,15gg8wgum0,ocdytthteu,970180,Warren,Bangalore,Karnataka
Penelope,Ellis,p.ellis@randatmail.com,407-5214-51,dztpba731w,rbpawgecob,476389,Ellis,Bangalore,Karnataka
Chelsea,Walker,c.walker@randatmail.com,076-1899-11,7b51srgks8,nmxqsyxacs,676491,Walker,Bangalore,Karnataka
Anna,Richardson,a.richardson@randatmail.com,014-7564-24,8tab04v43k,iruxfsesfx,843746,Richardson,Bangalore,Karnataka
Samantha,Brooks,s.brooks@randatmail.com,043-0494-11,ir4sxxhpj4,ksvfarqwlo,358112,Brooks,Bangalore,Karnataka
Lucy,Taylor,l.taylor@randatmail.com,827-5098-28,3l455hnrpw,eyseasiskd,785495,Taylor,Bangalore,Karnataka
Ada,Carroll,a.carroll@randatmail.com,114-7076-01,14whw3o9wp,szuvqkkusj,37698,Carroll,Bangalore,Karnataka
Arianna,Gibson,a.gibson@randatmail.com,840-9409-10,5wb3q8pjh4,nponmjabdd,814659,Gibson,Bangalore,Karnataka
Lilianna,Fowler,l.fowler@randatmail.com,767-9861-04,bx1e39v0qf,mdbcubafyi,742700,Fowler,Bangalore,Karnataka
Arianna,Moore,a.moore@randatmail.com,373-6752-00,7fcve96opq,sdrnqzhlbi,646210,Moore,Bangalore,Karnataka
Thomas,Kelly,t.kelly@randatmail.com,232-3314-36,vek9higrki,lckuxnzowm,627487,Kelly,Bangalore,Karnataka
Joyce,Richardson,j.richardson@randatmail.com,239-9500-89,3ixxibb2xx,tukozlftta,621155,Richardson,Bangalore,Karnataka
Kellan,Cooper,k.cooper@randatmail.com,537-5561-96,0jtyc2mc5z,hpdtsbwhzm,123996,Cooper,Bangalore,Karnataka
Kimberly,Casey,k.casey@randatmail.com,378-6533-59,lujciqdhcw,gmnhzajbfm,515496,Casey,Bangalore,Karnataka
Jessica,Taylor,j.taylor@randatmail.com,124-1048-87,mrivivhdd8,pniajmojvv,192606,Taylor,Bangalore,Karnataka
Kevin,Ross,k.ross@randatmail.com,893-0206-89,q6dc1raw58,itayhhwkma,391697,Ross,Bangalore,Karnataka
Thomas,Johnson,t.johnson@randatmail.com,968-0068-34,gbi6s22k2j,ulyysnlhrr,22452,Johnson,Bangalore,Karnataka
Maria,Brown,m.brown@randatmail.com,248-0813-35,c22f79anb3,ryfsiqxqho,634265,Brown,Bangalore,Karnataka
Daisy,Richards,d.richards@randatmail.com,456-8692-35,oumvunsv1k,umknnstofi,761519,Richards,Bangalore,Karnataka
Maria,Reed,m.reed@randatmail.com,689-5007-89,i6z5llwszd,rjvodmqerc,6199,Reed,Bangalore,Karnataka
Tyler,Mitchell,t.mitchell@randatmail.com,026-0613-67,1hrhl4bm4z,nxxcowhega,419886,Mitchell,Bangalore,Karnataka
Ashton,Morris,a.morris@randatmail.com,448-6133-50,ipj887wb21,lwxoeaniub,904064,Morris,Bangalore,Karnataka
Myra,Cameron,m.cameron@randatmail.com,290-0709-58,4hbcfksiuq,kdxpkbatvn,145976,Cameron,Bangalore,Karnataka
Ada,Sullivan,a.sullivan@randatmail.com,142-7469-51,d5bk3knfnl,lfooijhahf,940684,Sullivan,Bangalore,Karnataka
Deanna,Warren,d.warren@randatmail.com,471-9816-12,zycjm44zlx,gsbmlfybdo,892349,Warren,Bangalore,Karnataka
Miley,Mason,m.mason@randatmail.com,042-8564-90,64h483tgxe,ozkcnygkmi,819395,Mason,Bangalore,Karnataka
Mary,Chapman,m.chapman@randatmail.com,044-1275-21,wa4m63chlt,bsrwawlaio,87617,Chapman,Bangalore,Karnataka
Arianna,Davis,a.davis@randatmail.com,256-0321-14,x59838iudv,eszhutslsv,75624,Davis,Bangalore,Karnataka
Frederick,Murphy,f.murphy@randatmail.com,711-7706-41,2j0vf7zt54,ityyvrcegj,847430,Murphy,Bangalore,Karnataka
Aston,Crawford,a.crawford@randatmail.com,178-5649-86,l1k3e8hg9f,adbbubivkm,939408,Crawford,Bangalore,Karnataka
Maddie,Walker,m.walker@randatmail.com,389-6948-54,sh0og3h48y,ndaylgmhbs,643349,Walker,Bangalore,Karnataka
Alberta,Andrews,a.andrews@randatmail.com,682-9369-61,bis9gd8ug8,mqhcgubldx,115252,Andrews,Bangalore,Karnataka
Kelsey,Spencer,k.spencer@randatmail.com,824-9099-51,6jj5u8ekgr,eqhrwxtdzz,743710,Spencer,Bangalore,Karnataka
Frederick,Warren,f.warren@randatmail.com,784-1285-83,flnzr3fl9k,xpcuaeyjog,515267,Warren,Bangalore,Karnataka
Camila,Lloyd,c.lloyd@randatmail.com,722-9618-74,h88kdw22iu,gbmocuhqkc,186471,Lloyd,Bangalore,Karnataka
Abigail,Russell,a.russell@randatmail.com,225-4063-11,0o391fo29h,nmrntdymay,917362,Russell,Bangalore,Karnataka
Arthur,Martin,a.martin@randatmail.com,451-3607-90,97wkto8jeo,zswecdsgdv,534595,Martin,Bangalore,Karnataka
Aiden,Turner,a.turner@randatmail.com,115-9290-28,3r7afumfyu,eycexllcyq,36470,Turner,Bangalore,Karnataka
Mary,Scott,m.scott@randatmail.com,744-2035-23,wn8eu8ifgg,nluakoezea,155170,Scott,Bangalore,Karnataka
Arianna,Bennett,a.bennett@randatmail.com,087-8075-35,lolqbboywt,kvdtegsauk,405884,Bennett,Bangalore,Karnataka
Melissa,Owens,m.owens@randatmail.com,665-5827-92,q4e50xoiai,ingzdjuohx,974304,Owens,Bangalore,Karnataka
Clark,Ross,c.ross@randatmail.com,549-4464-64,jh8o8d8151,aysjvslana,933867,Ross,Bangalore,Karnataka
Andrew,Ferguson,a.ferguson@randatmail.com,830-7063-40,hv0j63v78a,lsnqrgeoxg,639209,Ferguson,Bangalore,Karnataka
Alina,Wright,a.wright@randatmail.com,829-6621-57,8etzvziebd,yppbvovyhx,988840,Wright,Bangalore,Karnataka
Adele,Foster,a.foster@randatmail.com,839-6182-87,uj3r4sffuu,rhawebfihj,60259,Foster,Bangalore,Karnataka
Naomi,Brooks,n.brooks@randatmail.com,367-3318-59,p59ya27pau,yacovvaxfm,434352,Brooks,Bangalore,Karnataka
Belinda,Ferguson,b.ferguson@randatmail.com,985-9872-77,njb7xhbs21,lmvhbmlliv,355591,Ferguson,Bangalore,Karnataka
Aiden,Casey,a.casey@randatmail.com,909-9974-21,c0qbhfxdri,eejozsrpjw,250058,Casey,Bangalore,Karnataka
Edwin,Parker,e.parker@randatmail.com,816-1240-58,99jrh2qtyd,uyjjiroffe,350362,Parker,Bangalore,Karnataka
Brooke,Edwards,b.edwards@randatmail.com,929-5359-10,1zknzzwjbi,tvdiiztiqd,119960,Edwards,Bangalore,Karnataka
Lana,Cooper,l.cooper@randatmail.com,265-0623-65,htx2b7iafb,lbyeuttdjo,45731,Cooper,Bangalore,Karnataka
April,Kelley,a.kelley@randatmail.com,221-1889-61,ho3xkchv8y,scldpcgdci,930066,Kelley,Bangalore,Karnataka
Alen,Cameron,a.cameron@randatmail.com,387-5216-17,7mmu0hwfyw,kfnyfuplum,267508,Cameron,Bangalore,Karnataka
Maximilian,Wilson,m.wilson@randatmail.com,622-4213-53,x9s386e0o6,orfhrldjhm,531916,Wilson,Bangalore,Karnataka
Julian,Tucker,j.tucker@randatmail.com,194-1027-29,t8g2m129rn,aglgnoxdwc,704589,Tucker,Bangalore,Karnataka
Charlie,Wilson,c.wilson@randatmail.com,866-6093-37,vfj6o8twfs,tepcffqtvi,724796,Wilson,Bangalore,Karnataka
Stuart,Morgan,s.morgan@randatmail.com,926-3516-03,6x9o0zrrkf,hierfubtsv,399019,Morgan,Bangalore,Karnataka
Isabella,Murray,i.murray@randatmail.com,645-5473-74,bchva4p9tp,wtdptytqzr,300320,Murray,Bangalore,Karnataka
Aston,Miller,a.miller@randatmail.com,548-9876-02,jazxqx1rt7,idhkkqnoti,215110,Miller,Bangalore,Karnataka
Lydia,Richardson,l.richardson@randatmail.com,760-8781-32,7jnm92il9a,ggqqzgnspy,584699,Richardson,Bangalore,Karnataka
Lily,Morgan,l.morgan@randatmail.com,878-5168-00,k16uusxg8l,zcjiqbrfta,471985,Morgan,Bangalore,Karnataka
Adele,Higgins,a.higgins@randatmail.com,909-7655-11,o7h1ylw2uw,svivixlbnq,238445,Higgins,Bangalore,Karnataka
James,Sullivan,j.sullivan@randatmail.com,564-0891-79,tsgbdmhbjx,iifspryree,687900,Sullivan,Bangalore,Karnataka
Arthur,Anderson,a.anderson@randatmail.com,010-9286-15,974zj1z9u4,cjdgajowal,680024,Anderson,Bangalore,Karnataka
Amelia,Miller,a.miller@randatmail.com,359-5783-44,fzqnr2vdoh,npfndpzbfi,507847,Miller,Bangalore,Karnataka
James,Brown,j.brown@randatmail.com,373-7276-93,77tx4jprak,yqdzesaiwp,207022,Brown,Bangalore,Karnataka
Emma,Davis,e.davis@randatmail.com,359-5605-10,mzv5n3k1i5,lqtlpktrjb,774842,Davis,Bangalore,Karnataka
Aldus,Foster,a.foster@randatmail.com,709-4254-25,jsyhm3011n,fttvnnncjv,472925,Foster,Bangalore,Karnataka
Frederick,Tucker,f.tucker@randatmail.com,883-6850-27,ccv4hvp1k3,hwfrsjsbff,706145,Tucker,Bangalore,Karnataka
Natalie,Farrell,n.farrell@randatmail.com,149-9344-68,1v9ghhwar6,dfnttcistb,872914,Farrell,Bangalore,Karnataka
Aida,Wilson,a.wilson@randatmail.com,669-7830-78,e9r7ekw753,dgjqpfhssj,785140,Wilson,Bangalore,Karnataka
Paige,Barrett,p.barrett@randatmail.com,411-1349-82,fkzhq4in06,xpwxspmnek,699281,Barrett,Bangalore,Karnataka
Arnold,Jones,a.jones@randatmail.com,130-8367-65,qvj3cxtrum,sjjwjptdtp,159748,Jones,Bangalore,Karnataka
Alexander,Roberts,a.roberts@randatmail.com,134-0260-31,01epxh563x,qfpbbljekn,244983,Roberts,Bangalore,Karnataka
Andrew,Henderson,a.henderson@randatmail.com,222-4916-84,lpa7dz4o57,cmpyxqizmo,178004,Henderson,Bangalore,Karnataka
Brianna,Williams,b.williams@randatmail.com,256-2950-58,16qrw976hd,jcwqdbfkuo,389898,Williams,Bangalore,Karnataka
Arnold,Ross,a.ross@randatmail.com,855-2721-58,tylgaa6otf,wbhcqnrxdf,624525,Ross,Bangalore,Karnataka
Kirsten,Thompson,k.thompson@randatmail.com,365-0472-09,4l4h3kitu8,fwccctnvit,170443,Thompson,Bangalore,Karnataka
Arthur,Riley,a.riley@randatmail.com,822-6806-09,j3o78tdv56,bdqlbthfwl,663979,Riley,Bangalore,Karnataka
Heather,Craig,h.craig@randatmail.com,182-6207-21,83zzvv2p3v,zrnnqaydxy,595470,Craig,Bangalore,Karnataka
Rafael,Warren,r.warren@randatmail.com,859-8640-27,305ot2r7hp,dzmrftzeon,101276,Warren,Bangalore,Karnataka
Rebecca,Baker,r.baker@randatmail.com,185-3046-84,bu3sgqiv5o,phaghixycp,980359,Baker,Bangalore,Karnataka
Heather,Riley,h.riley@randatmail.com,104-6815-98,kzn9xcmj4x,eyfrwqciaf,150381,Riley,Bangalore,Karnataka
Patrick,Hawkins,p.hawkins@randatmail.com,311-4674-81,l3gkfi4f41,ckykfixhdr,4278,Hawkins,Bangalore,Karnataka
Catherine,Stewart,c.stewart@randatmail.com,319-8471-60,wjo92dpnzs,dcdwcsyxpd,243312,Stewart,Bangalore,Karnataka
Darcy,Casey,d.casey@randatmail.com,100-0546-19,rciy1wea9e,ojuqaddcqk,191223,Casey,Bangalore,Karnataka
Steven,Smith,s.smith@randatmail.com,744-2701-60,efvs8hnkiv,kzwsrutjkd,239793,Smith,Bangalore,Karnataka
Madaline,Murphy,m.murphy@randatmail.com,631-5204-35,wajd2vg65r,pgjrmhbfcp,130135,Murphy,Bangalore,Karnataka
Abraham,Farrell,a.farrell@randatmail.com,089-7746-00,v9goss02eg,qiettsvqbi,7927,Farrell,Bangalore,Karnataka
Alford,Stewart,a.stewart@randatmail.com,010-4187-15,z6z531s7ob,vxiecfbikp,159977,Stewart,Bangalore,Karnataka
Joyce,Lloyd,j.lloyd@randatmail.com,137-7411-52,ja196ti250,motkmmlqpq,974187,Lloyd,Bangalore,Karnataka
Sabrina,Warren,s.warren@randatmail.com,041-2758-13,mfbria8pdp,jnqwfhymxw,806736,Warren,Bangalore,Karnataka
Natalie,Perry,n.perry@randatmail.com,186-0831-88,f4ws71q6m0,atsmzymcrh,113912,Perry,Bangalore,Karnataka
Myra,Bailey,m.bailey@randatmail.com,866-1716-44,vdoj4qu8j4,jepadrcfuj,313306,Bailey,Bangalore,Karnataka
Carina,Murray,c.murray@randatmail.com,693-5464-17,ihp8nu1wcj,qrcrjkgrbx,929690,Murray,Bangalore,Karnataka
Julian,Ellis,j.ellis@randatmail.com,306-5060-58,1j6dm09ao5,tkqgxywded,802363,Ellis,Bangalore,Karnataka
Isabella,West,i.west@randatmail.com,809-5826-72,mi4gtm9pqh,pxosvvtfga,275044,West,Bangalore,Karnataka
Abraham,Douglas,a.douglas@randatmail.com,573-9596-73,x2hfer28q1,xjmradfvgs,150079,Douglas,Bangalore,Karnataka
Michelle,Hamilton,m.hamilton@randatmail.com,379-0230-11,0xhpdlofwz,zpwyihyylf,814533,Hamilton,Bangalore,Karnataka
Daisy,Mitchell,d.mitchell@randatmail.com,051-4429-02,u4e410zait,xctauhbxbr,219321,Mitchell,Bangalore,Karnataka
Catherine,Cameron,c.cameron@randatmail.com,801-0500-65,tzyxtg5upv,yghvcsimjq,457497,Cameron,Bangalore,Karnataka
Eric,Mitchell,e.mitchell@randatmail.com,639-2198-18,f0xlrf29vq,gjtaxekxcm,544850,Mitchell,Bangalore,Karnataka
Audrey,Hunt,a.hunt@randatmail.com,389-8831-88,k3l1ddkwkd,zkyzwbmgtw,972684,Hunt,Bangalore,Karnataka
Roman,Wilson,r.wilson@randatmail.com,147-6358-78,vpmo43p0pe,cfyxvvzfzh,316661,Wilson,Bangalore,Karnataka
Charlie,Davis,c.davis@randatmail.com,543-4209-10,ce0qs5w2d1,wmtdvtljem,325722,Davis,Bangalore,Karnataka
Abraham,Howard,a.howard@randatmail.com,198-7451-95,pk4bjiu8wz,fzbxfonofn,307638,Howard,Bangalore,Karnataka
Robert,Johnson,r.johnson@randatmail.com,661-4578-26,oib1uje4y6,jfaxnxfgyh,80146,Johnson,Bangalore,Karnataka
Alberta,Hamilton,a.hamilton@randatmail.com,006-7784-73,cg58e3y0er,jtevnzyyod,128490,Hamilton,Bangalore,Karnataka
Kevin,Moore,k.moore@randatmail.com,370-7289-66,u3cdahpsl7,jfqlfmsxmv,395128,Moore,Bangalore,Karnataka
Wilson,Kelley,w.kelley@randatmail.com,241-5129-03,agswk5illa,hxujeilgxn,578357,Kelley,Bangalore,Karnataka
Grace,Lloyd,g.lloyd@randatmail.com,634-5581-19,p53fmv16oa,iruysradtv,216220,Lloyd,Bangalore,Karnataka
Alisa,Campbell,a.campbell@randatmail.com,500-1812-11,oyiqzvdnyd,bqekmeteov,53962,Campbell,Bangalore,Karnataka
Brianna,Bailey,b.bailey@randatmail.com,111-4868-51,msxfnlj7i3,usskagbitg,907348,Bailey,Bangalore,Karnataka
Kristian,Stevens,k.stevens@randatmail.com,357-8517-91,aq324msrej,vwiervjgab,247182,Stevens,Bangalore,Karnataka
Cadie,Stewart,c.stewart@randatmail.com,746-4995-68,zwu1gomopc,vsqsbxsgfo,207742,Stewart,Bangalore,Karnataka
Arthur,Gray,a.gray@randatmail.com,786-7822-36,c576myyst2,goixbfvyzo,384584,Gray,Bangalore,Karnataka
Honey,Gray,h.gray@randatmail.com,376-8742-62,66zdn61q3k,vhyzlsicbv,2426,Gray,Bangalore,Karnataka
Fiona,Casey,f.casey@randatmail.com,261-1211-00,20kbmdi15k,nobwipoxzb,559211,Casey,Bangalore,Karnataka
Miller,Warren,m.warren@randatmail.com,610-3493-74,s9autrhz4y,kvgsoggklx,640324,Warren,Bangalore,Karnataka
Amanda,Douglas,a.douglas@randatmail.com,892-4143-16,xaiorw770d,tpeoibfyuq,707491,Douglas,Bangalore,Karnataka
Spike,Chapman,s.chapman@randatmail.com,020-6120-71,l9r416cs50,fmgcwbhtha,631832,Chapman,Bangalore,Karnataka
Frederick,Thomas,f.thomas@randatmail.com,657-4097-98,oo8rrdltyq,bxofctltfe,70051,Thomas,Bangalore,Karnataka
Lucy,Harper,l.harper@randatmail.com,604-9878-06,geoby3rc7u,ssaecnzinv,894519,Harper,Bangalore,Karnataka
Sabrina,Gray,s.gray@randatmail.com,245-5980-55,zvjs8dme5j,btjgfmebev,242560,Gray,Bangalore,Karnataka
Brianna,Mason,b.mason@randatmail.com,734-2989-46,c4ouhi33mn,hyusepzgsj,627813,Mason,Bangalore,Karnataka
Agata,Phillips,a.phillips@randatmail.com,067-2282-65,ti7yuv8nig,rvvqadyyrv,548538,Phillips,Bangalore,Karnataka
Adam,Hawkins,a.hawkins@randatmail.com,214-0307-92,ap28j8atm5,oyqtqyaxau,907651,Hawkins,Bangalore,Karnataka
Miranda,Walker,m.walker@randatmail.com,130-3409-57,ylw7h3yjz5,uotltoflrn,374427,Walker,Bangalore,Karnataka
Olivia,Stevens,o.stevens@randatmail.com,244-4860-54,89v3d854bz,lgkbmquthn,878831,Stevens,Bangalore,Karnataka
Emma,Elliott,e.elliott@randatmail.com,963-4561-77,qvm5qhno22,idscrhhoaf,94500,Elliott,Bangalore,Karnataka
Eddy,Stewart,e.stewart@randatmail.com,141-9154-50,gipe4frhie,ryekvdympw,199911,Stewart,Bangalore,Karnataka
Reid,Carroll,r.carroll@randatmail.com,101-1503-17,rq8oo7hgov,lewwcgayzr,487778,Carroll,Bangalore,Karnataka
Lilianna,West,l.west@randatmail.com,807-6427-31,5kivr712tj,ntawllicpn,240038,West,Bangalore,Karnataka
Frederick,Richardson,f.richardson@randatmail.com,512-6891-82,3xks96qhqq,mmrzybrkwm,52832,Richardson,Bangalore,Karnataka
Victor,Mason,v.mason@randatmail.com,922-5587-83,dd2k8b9kkw,hnrwgevfut,930715,Mason,Bangalore,Karnataka
Elise,Farrell,e.farrell@randatmail.com,237-9683-64,2mrkixdbfg,ijrfsmjxpa,231053,Farrell,Bangalore,Karnataka
Chelsea,Bennett,c.bennett@randatmail.com,362-6795-88,53nv3867hs,cpfexgbdwu,680117,Bennett,Bangalore,Karnataka
Sofia,Russell,s.russell@randatmail.com,530-4613-59,4eblrjypxj,efjlebqqmz,277978,Russell,Bangalore,Karnataka
Amelia,Howard,a.howard@randatmail.com,559-3344-20,5s2u8xeasa,gayfnltvlo,668573,Howard,Bangalore,Karnataka
Sophia,Wilson,s.wilson@randatmail.com,473-1532-92,p1pd2gqjsr,avnvdccrch,365484,Wilson,Bangalore,Karnataka
Stuart,Richards,s.richards@randatmail.com,439-7014-72,zz7szmlxjp,qloulxblpe,712358,Richards,Bangalore,Karnataka
Maddie,Harper,m.harper@randatmail.com,972-2636-32,a9o29cdzp7,ceqwmaqsgd,941577,Harper,Bangalore,Karnataka
Chelsea,Cunningham,c.cunningham@randatmail.com,123-2447-82,x882rw31eu,sqbwbgltcr,499619,Cunningham,Bangalore,Karnataka
Daisy,Ross,d.ross@randatmail.com,011-8823-04,l5gh9zsuwy,awcpgtnjtt,808037,Ross,Bangalore,Karnataka
Kellan,Johnson,k.johnson@randatmail.com,045-2230-81,hdgumzhhlc,jzolwtstfs,284103,Johnson,Bangalore,Karnataka
Julian,Morgan,j.morgan@randatmail.com,338-3070-29,shbo1oi9eo,wkpfgrbkrs,728534,Morgan,Bangalore,Karnataka
Nicholas,Montgomery,n.montgomery@randatmail.com,920-0787-04,7p4a8knj4i,hourwpftyj,670743,Montgomery,Bangalore,Karnataka
Emily,Cole,e.cole@randatmail.com,914-8368-67,fepfq86xqs,kzjequveqd,289194,Cole,Bangalore,Karnataka
Kevin,Brooks,k.brooks@randatmail.com,879-9682-74,ys2iu4kqpz,tvwvuyguzb,647959,Brooks,Bangalore,Karnataka
Nicholas,Bailey,n.bailey@randatmail.com,616-6774-22,sll1j65vqh,kasqyoapjf,139713,Bailey,Bangalore,Karnataka
Jordan,Thompson,j.thompson@randatmail.com,096-3507-41,v0bf551n4l,jznqlrrfvu,814853,Thompson,Bangalore,Karnataka
Briony,Hall,b.hall@randatmail.com,772-6918-76,lki0u1543z,tfhbcwwxtf,418046,Hall,Bangalore,Karnataka
Stuart,Harper,s.harper@randatmail.com,281-9858-12,jns2wgymef,inzpfaaffn,445960,Harper,Bangalore,Karnataka
Marcus,Morrison,m.morrison@randatmail.com,401-0290-82,bt1k80z7cm,ecpwvsgasz,103142,Morrison,Bangalore,Karnataka
Naomi,Davis,n.davis@randatmail.com,705-4487-41,c0tkmtukfv,vnnjwviyqi,346206,Davis,Bangalore,Karnataka
Tiana,Foster,t.foster@randatmail.com,123-8755-36,k356thle4x,fmgpqudyxo,294513,Foster,Bangalore,Karnataka
Arianna,Farrell,a.farrell@randatmail.com,585-1497-09,fxz7f1mz9z,dtgfovzdgg,583555,Farrell,Bangalore,Karnataka
Oliver,Moore,o.moore@randatmail.com,427-5445-26,mhaewo3i1m,lrlwbgaeux,636658,Moore,Bangalore,Karnataka
Adrian,Higgins,a.higgins@randatmail.com,148-4689-59,0gzrhyiim6,symatnpule,821695,Higgins,Bangalore,Karnataka
Kelvin,Johnston,k.johnston@randatmail.com,225-8586-55,cfyjntn9pg,rpaoqennjl,923427,Johnston,Bangalore,Karnataka
Lucas,Douglas,l.douglas@randatmail.com,778-4542-47,t5nojl9jbh,pevzwbbcqa,827655,Douglas,Bangalore,Karnataka
Alfred,Howard,a.howard@randatmail.com,481-2178-48,sdomvcuf5d,cgtqannidd,609474,Howard,Bangalore,Karnataka
Lucia,Carroll,l.carroll@randatmail.com,656-0585-76,6e86ullzln,kitqyfhafb,849116,Carroll,Bangalore,Karnataka
Lana,Ryan,l.ryan@randatmail.com,201-6506-31,0fuw187q40,hieuqnjeew,79633,Ryan,Bangalore,Karnataka
Adrian,Lloyd,a.lloyd@randatmail.com,417-6840-99,m7frmcuofu,hfwxydrgsv,87640,Lloyd,Bangalore,Karnataka
Jack,Montgomery,j.montgomery@randatmail.com,225-3647-73,qmcu3qud07,nnubawimju,214460,Montgomery,Bangalore,Karnataka
Dominik,Owens,d.owens@randatmail.com,046-6894-78,uiovk6ijwn,tnwqodonud,348425,Owens,Bangalore,Karnataka
Agata,Fowler,a.fowler@randatmail.com,699-9350-16,fwoml8y7y5,bevvvcghql,9216,Fowler,Bangalore,Karnataka
John,Hunt,j.hunt@randatmail.com,134-8171-55,gl92c75v6q,gsvsggnank,509411,Hunt,Bangalore,Karnataka
Rosie,Brown,r.brown@randatmail.com,325-0800-45,cyv907f4p2,hexygcaahj,844053,Brown,Bangalore,Karnataka
Elise,Mason,e.mason@randatmail.com,871-4878-64,39nquefanx,garrmhwfsk,931668,Mason,Bangalore,Karnataka
Elise,Kelley,e.kelley@randatmail.com,595-7681-28,wq9h3cg344,ytilgdgdgq,528572,Kelley,Bangalore,Karnataka
Jordan,Perry,j.perry@randatmail.com,590-2395-58,2ba42au4bw,wkbypqjiwc,964928,Perry,Bangalore,Karnataka
Haris,Smith,h.smith@randatmail.com,265-9206-94,cd9qnbhctc,zkhmhzhswr,121811,Smith,Bangalore,Karnataka
Lyndon,Perkins,l.perkins@randatmail.com,088-9792-51,2phz9nu945,vaadqvzgrv,71694,Perkins,Bangalore,Karnataka
Charlotte,Cunningham,c.cunningham@randatmail.com,535-2841-83,gopbroovg8,lilevpzyri,554685,Cunningham,Bangalore,Karnataka
Brianna,Grant,b.grant@randatmail.com,685-5380-61,zm5pfome6f,tukghhdwwf,143791,Grant,Bangalore,Karnataka
Preston,Morrison,p.morrison@randatmail.com,508-6638-68,5hh6shm9gm,cgsexwgccd,927803,Morrison,Bangalore,Karnataka
Jordan,Nelson,j.nelson@randatmail.com,603-8659-29,nel3d78grn,zghciumzqo,742142,Nelson,Bangalore,Karnataka
Lilianna,Hamilton,l.hamilton@randatmail.com,025-9231-76,g1r6mjomgb,echmeukijq,894866,Hamilton,Bangalore,Karnataka
Adelaide,Henderson,a.henderson@randatmail.com,691-9680-46,ms69vk2v6r,rqvbukpgjr,44596,Henderson,Bangalore,Karnataka
Kirsten,Andrews,k.andrews@randatmail.com,331-1114-12,4kdwpz2adh,tfvhljztqr,514234,Andrews,Bangalore,Karnataka
Gianna,Cunningham,g.cunningham@randatmail.com,037-3769-83,1b8yo87d6p,mzlhxjlemd,616345,Cunningham,Bangalore,Karnataka
Annabella,Grant,a.grant@randatmail.com,191-3142-24,dw3e501jgt,tlbvtojgdo,811817,Grant,Bangalore,Karnataka
Samantha,Phillips,s.phillips@randatmail.com,065-8563-94,imuo2b76vh,konypjgodw,140303,Phillips,Bangalore,Karnataka
Byron,Higgins,b.higgins@randatmail.com,305-6497-50,8m5awp1943,enrfpfipvi,204000,Higgins,Bangalore,Karnataka
Kelvin,Wilson,k.wilson@randatmail.com,365-9379-25,ho4eyvslhm,edmudazfva,404875,Wilson,Bangalore,Karnataka
Sophia,Hill,s.hill@randatmail.com,645-2736-84,4o7tsbgp71,rpmufqpbvw,404102,Hill,Bangalore,Karnataka
Walter,Ross,w.ross@randatmail.com,976-0001-43,af5o3zpbpm,yzcidrwftg,469180,Ross,Bangalore,Karnataka
Albert,Myers,a.myers@randatmail.com,857-9873-23,7f9jb5lqv6,tmutkalcie,450537,Myers,Bangalore,Karnataka
